Task,Model,Accuracy,F1,Precision,Recall,Specificity
Background,cirrus_only_histmatching,0.9897687284464247,0.9946821285097787,0.9924993384420202,0.9970888975407747,0.28666369716685014
IRF,cirrus_only_histmatching,0.9983253523651581,0.2318220295706129,0.2901790495264285,0.21944236181578722,0.9994977761743667
PED,cirrus_only_histmatching,0.994844824187318,0.0947076874496921,0.19945372585276985,0.0771705176713327,0.9997769402207507
SRD,cirrus_only_histmatching,0.9986283163006386,0.15838782756313793,0.21434885615043425,0.13842403436470288,0.9997716988070627
